{
  "acoes": 1767638975.3597834,
  "renda_fixa": 1767638976.6518502,
  "proventos": 1767638976.6918325,
  "vendas_opcoes": null,
  "caixa": 1767955257.2287714,
  "acoes_manuais": 1767970426.5834658,
  "acoes_manuais_hist_mensal": 1767971111.4158087,
  "caixa_hist_full": null,
  "rentab_version": 11
}