{
  "acoes": 1767638975.3597834,
  "renda_fixa": 1767638976.6518502,
  "proventos": 1767638976.6918325,
  "rentab_version": 7
}