{
  "acoes": 1767438740.4165971,
  "renda_fixa": 1767438740.4791188,
  "proventos": 1767572360.2170966,
  "rentab_version": 7
}